{
  "version": 1,
  "author": "Sornsak Boonkham",
  "editor": "wokwi",
  "parts": [
    { "type": "wokwi-esp32-devkit-v1", "id": "esp", "top": 4.7, "left": 4.6, "attrs": {} },
    {
      "type": "wokwi-led",
      "id": "led1",
      "top": 17.9,
      "left": 242.71,
      "attrs": { "color": "red" }
    },
    {
      "type": "wokwi-resistor",
      "id": "r1",
      "top": 71.15,
      "left": 182.4,
      "attrs": { "value": "220" }
    },
    { "type": "wokwi-dht22", "id": "dht1", "top": 67.5, "left": 301.8, "attrs": {"temperature": "35", "humidity": "47"} },
    {
      "type": "wokwi-resistor",
      "id": "r2",
      "top": 240.15,
      "left": 296.15,
      "rotate": 90,
      "attrs": { "value": "1000" }
    }
  ],
  "connections": [
    [ "esp:TX0", "$serialMonitor:RX", "", [] ],
    [ "esp:RX0", "$serialMonitor:TX", "", [] ],
    [ "led1:A", "r1:2", "green", [ "v0" ] ],
    [ "esp:D4", "r1:1", "green", [ "h23.8", "v-40.72" ] ],
    [ "led1:C", "esp:GND.1", "green", [ "v0" ] ],
    [ "dht1:GND", "esp:GND.1", "black", [ "v19.25", "h-151.82", "v-48.2" ] ],
    [ "dht1:VCC", "esp:3V3", "red", [ "v-1.61", "h-167.05", "v-21.32" ] ],
    [ "dht1:SDA", "r2:1", "green", [ "v0" ] ],
    [ "r2:2", "esp:3V3", "green", [ "h-149.78", "v-114.87" ] ],
    [ "dht1:SDA", "esp:D5", "green", [ "v-14.64", "h-110.94", "v-73.95" ] ]
  ],
  "dependencies": {}
}